filename,line_number,pylint_message,pylint_type,pylint_symbol,bandit_issue_text,bandit_issue_confidence,bandit_issue_severity
google-appengine-1.5.1/google/net/proto/message_set.py,282,"Bad indentation. Found 4 spaces, expected 8",Category.W,bad-indentation,Use of assert detected. The enclosed code will be removed when compiling to optimised byte code.,HIGH,LOW
google-appengine-1.5.1/google/net/proto/RawMessage.py,70,"Bad indentation. Found 4 spaces, expected 8",Category.W,bad-indentation,Use of assert detected. The enclosed code will be removed when compiling to optimised byte code.,HIGH,LOW
google-appengine-1.5.1/google/net/proto2/python/internal/decoder.py,372,"Bad indentation. Found 2 spaces, expected 4",Category.W,bad-indentation,Use of assert detected. The enclosed code will be removed when compiling to optimised byte code.,HIGH,LOW
google-appengine-1.5.1/google/net/proto2/python/internal/decoder.py,409,"Bad indentation. Found 2 spaces, expected 4",Category.W,bad-indentation,Use of assert detected. The enclosed code will be removed when compiling to optimised byte code.,HIGH,LOW
google-appengine-1.5.1/google/net/proto2/python/internal/decoder.py,448,"Bad indentation. Found 2 spaces, expected 4",Category.W,bad-indentation,Use of assert detected. The enclosed code will be removed when compiling to optimised byte code.,HIGH,LOW
google-appengine-1.5.1/google/net/proto2/python/internal/decoder.py,493,"Bad indentation. Found 2 spaces, expected 4",Category.W,bad-indentation,Use of assert detected. The enclosed code will be removed when compiling to optimised byte code.,HIGH,LOW
google-appengine-1.5.1/google/net/proto2/python/internal/encoder.py,222,"Bad indentation. Found 2 spaces, expected 4",Category.W,bad-indentation,Use of assert detected. The enclosed code will be removed when compiling to optimised byte code.,HIGH,LOW
google-appengine-1.5.1/google/net/proto2/python/internal/encoder.py,244,"Bad indentation. Found 2 spaces, expected 4",Category.W,bad-indentation,Use of assert detected. The enclosed code will be removed when compiling to optimised byte code.,HIGH,LOW
google-appengine-1.5.1/google/net/proto2/python/internal/encoder.py,264,"Bad indentation. Found 2 spaces, expected 4",Category.W,bad-indentation,Use of assert detected. The enclosed code will be removed when compiling to optimised byte code.,HIGH,LOW
google-appengine-1.5.1/google/net/proto2/python/internal/encoder.py,283,"Bad indentation. Found 2 spaces, expected 4",Category.W,bad-indentation,Use of assert detected. The enclosed code will be removed when compiling to optimised byte code.,HIGH,LOW
google-appengine-1.5.1/google/net/proto2/python/internal/encoder.py,647,"Bad indentation. Found 2 spaces, expected 4",Category.W,bad-indentation,Use of assert detected. The enclosed code will be removed when compiling to optimised byte code.,HIGH,LOW
google-appengine-1.5.1/google/net/proto2/python/internal/encoder.py,671,"Bad indentation. Found 2 spaces, expected 4",Category.W,bad-indentation,Use of assert detected. The enclosed code will be removed when compiling to optimised byte code.,HIGH,LOW
google-appengine-1.5.1/google/net/proto2/python/internal/encoder.py,692,"Bad indentation. Found 2 spaces, expected 4",Category.W,bad-indentation,Use of assert detected. The enclosed code will be removed when compiling to optimised byte code.,HIGH,LOW
google-appengine-1.5.1/google/net/proto2/python/internal/encoder.py,713,"Bad indentation. Found 2 spaces, expected 4",Category.W,bad-indentation,Use of assert detected. The enclosed code will be removed when compiling to optimised byte code.,HIGH,LOW
google-appengine-1.5.1/google/appengine/datastore/datastore_index.py,386,"Bad indentation. Found 4 spaces, expected 8",Category.W,bad-indentation,Use of assert detected. The enclosed code will be removed when compiling to optimised byte code.,HIGH,LOW
google-appengine-1.5.1/google/appengine/datastore/datastore_index.py,388,"Bad indentation. Found 4 spaces, expected 8",Category.W,bad-indentation,Use of assert detected. The enclosed code will be removed when compiling to optimised byte code.,HIGH,LOW
google-appengine-1.5.1/google/appengine/datastore/datastore_index.py,401,"Bad indentation. Found 2 spaces, expected 4",Category.W,bad-indentation,Use of assert detected. The enclosed code will be removed when compiling to optimised byte code.,HIGH,LOW
google-appengine-1.5.1/google/appengine/datastore/datastore_index.py,424,"Bad indentation. Found 8 spaces, expected 16",Category.W,bad-indentation,Use of assert detected. The enclosed code will be removed when compiling to optimised byte code.,HIGH,LOW
google-appengine-1.5.1/google/appengine/datastore/datastore_index.py,445,"Bad indentation. Found 6 spaces, expected 12",Category.W,bad-indentation,Use of assert detected. The enclosed code will be removed when compiling to optimised byte code.,HIGH,LOW
google-appengine-1.5.1/google/appengine/datastore/datastore_pb.py,90,"Bad indentation. Found 4 spaces, expected 8",Category.W,bad-indentation,Use of assert detected. The enclosed code will be removed when compiling to optimised byte code.,HIGH,LOW
google-appengine-1.5.1/google/appengine/datastore/datastore_pb.py,270,"Bad indentation. Found 4 spaces, expected 8",Category.W,bad-indentation,Use of assert detected. The enclosed code will be removed when compiling to optimised byte code.,HIGH,LOW
google-appengine-1.5.1/google/appengine/datastore/datastore_pb.py,412,"Bad indentation. Found 4 spaces, expected 8",Category.W,bad-indentation,Use of assert detected. The enclosed code will be removed when compiling to optimised byte code.,HIGH,LOW
google-appengine-1.5.1/google/appengine/datastore/datastore_pb.py,855,"Bad indentation. Found 4 spaces, expected 8",Category.W,bad-indentation,Use of assert detected. The enclosed code will be removed when compiling to optimised byte code.,HIGH,LOW
google-appengine-1.5.1/google/appengine/datastore/datastore_pb.py,1534,"Bad indentation. Found 4 spaces, expected 8",Category.W,bad-indentation,Use of assert detected. The enclosed code will be removed when compiling to optimised byte code.,HIGH,LOW
google-appengine-1.5.1/google/appengine/datastore/datastore_pb.py,1769,"Bad indentation. Found 4 spaces, expected 8",Category.W,bad-indentation,Use of assert detected. The enclosed code will be removed when compiling to optimised byte code.,HIGH,LOW
google-appengine-1.5.1/google/appengine/datastore/datastore_pb.py,1927,"Bad indentation. Found 4 spaces, expected 8",Category.W,bad-indentation,Use of assert detected. The enclosed code will be removed when compiling to optimised byte code.,HIGH,LOW
google-appengine-1.5.1/google/appengine/datastore/datastore_pb.py,2144,"Bad indentation. Found 4 spaces, expected 8",Category.W,bad-indentation,Use of assert detected. The enclosed code will be removed when compiling to optimised byte code.,HIGH,LOW
google-appengine-1.5.1/google/appengine/datastore/datastore_pb.py,2447,"Bad indentation. Found 4 spaces, expected 8",Category.W,bad-indentation,Use of assert detected. The enclosed code will be removed when compiling to optimised byte code.,HIGH,LOW
google-appengine-1.5.1/google/appengine/datastore/datastore_pb.py,2607,"Bad indentation. Found 4 spaces, expected 8",Category.W,bad-indentation,Use of assert detected. The enclosed code will be removed when compiling to optimised byte code.,HIGH,LOW
google-appengine-1.5.1/google/appengine/datastore/datastore_pb.py,2771,"Bad indentation. Found 4 spaces, expected 8",Category.W,bad-indentation,Use of assert detected. The enclosed code will be removed when compiling to optimised byte code.,HIGH,LOW
google-appengine-1.5.1/google/appengine/datastore/datastore_pb.py,2993,"Bad indentation. Found 4 spaces, expected 8",Category.W,bad-indentation,Use of assert detected. The enclosed code will be removed when compiling to optimised byte code.,HIGH,LOW
google-appengine-1.5.1/google/appengine/datastore/datastore_pb.py,3225,"Bad indentation. Found 4 spaces, expected 8",Category.W,bad-indentation,Use of assert detected. The enclosed code will be removed when compiling to optimised byte code.,HIGH,LOW
google-appengine-1.5.1/google/appengine/datastore/datastore_pb.py,3356,"Bad indentation. Found 4 spaces, expected 8",Category.W,bad-indentation,Use of assert detected. The enclosed code will be removed when compiling to optimised byte code.,HIGH,LOW
google-appengine-1.5.1/google/appengine/datastore/datastore_pb.py,3449,"Bad indentation. Found 4 spaces, expected 8",Category.W,bad-indentation,Use of assert detected. The enclosed code will be removed when compiling to optimised byte code.,HIGH,LOW
google-appengine-1.5.1/google/appengine/datastore/datastore_pb.py,3608,"Bad indentation. Found 4 spaces, expected 8",Category.W,bad-indentation,Use of assert detected. The enclosed code will be removed when compiling to optimised byte code.,HIGH,LOW
google-appengine-1.5.1/google/appengine/datastore/datastore_pb.py,3844,"Bad indentation. Found 4 spaces, expected 8",Category.W,bad-indentation,Use of assert detected. The enclosed code will be removed when compiling to optimised byte code.,HIGH,LOW
google-appengine-1.5.1/google/appengine/datastore/datastore_pb.py,4028,"Bad indentation. Found 4 spaces, expected 8",Category.W,bad-indentation,Use of assert detected. The enclosed code will be removed when compiling to optimised byte code.,HIGH,LOW
google-appengine-1.5.1/google/appengine/datastore/datastore_pb.py,4115,"Bad indentation. Found 4 spaces, expected 8",Category.W,bad-indentation,Use of assert detected. The enclosed code will be removed when compiling to optimised byte code.,HIGH,LOW
google-appengine-1.5.1/google/appengine/datastore/datastore_pb.py,4312,"Bad indentation. Found 4 spaces, expected 8",Category.W,bad-indentation,Use of assert detected. The enclosed code will be removed when compiling to optimised byte code.,HIGH,LOW
google-appengine-1.5.1/google/appengine/datastore/datastore_pb.py,4568,"Bad indentation. Found 4 spaces, expected 8",Category.W,bad-indentation,Use of assert detected. The enclosed code will be removed when compiling to optimised byte code.,HIGH,LOW
google-appengine-1.5.1/google/appengine/datastore/datastore_pb.py,4726,"Bad indentation. Found 4 spaces, expected 8",Category.W,bad-indentation,Use of assert detected. The enclosed code will be removed when compiling to optimised byte code.,HIGH,LOW
google-appengine-1.5.1/google/appengine/datastore/datastore_pb.py,4880,"Bad indentation. Found 4 spaces, expected 8",Category.W,bad-indentation,Use of assert detected. The enclosed code will be removed when compiling to optimised byte code.,HIGH,LOW
google-appengine-1.5.1/google/appengine/datastore/datastore_pb.py,5052,"Bad indentation. Found 4 spaces, expected 8",Category.W,bad-indentation,Use of assert detected. The enclosed code will be removed when compiling to optimised byte code.,HIGH,LOW
google-appengine-1.5.1/google/appengine/datastore/datastore_pb.py,5255,"Bad indentation. Found 4 spaces, expected 8",Category.W,bad-indentation,Use of assert detected. The enclosed code will be removed when compiling to optimised byte code.,HIGH,LOW
google-appengine-1.5.1/google/appengine/datastore/datastore_pb.py,5398,"Bad indentation. Found 4 spaces, expected 8",Category.W,bad-indentation,Use of assert detected. The enclosed code will be removed when compiling to optimised byte code.,HIGH,LOW
google-appengine-1.5.1/google/appengine/datastore/datastore_pb.py,5674,"Bad indentation. Found 4 spaces, expected 8",Category.W,bad-indentation,Use of assert detected. The enclosed code will be removed when compiling to optimised byte code.,HIGH,LOW
google-appengine-1.5.1/google/appengine/datastore/datastore_pb.py,5989,"Bad indentation. Found 4 spaces, expected 8",Category.W,bad-indentation,Use of assert detected. The enclosed code will be removed when compiling to optimised byte code.,HIGH,LOW
google-appengine-1.5.1/google/appengine/datastore/datastore_pb.py,6181,"Bad indentation. Found 4 spaces, expected 8",Category.W,bad-indentation,Use of assert detected. The enclosed code will be removed when compiling to optimised byte code.,HIGH,LOW
google-appengine-1.5.1/google/appengine/datastore/datastore_pb.py,6341,"Bad indentation. Found 4 spaces, expected 8",Category.W,bad-indentation,Use of assert detected. The enclosed code will be removed when compiling to optimised byte code.,HIGH,LOW
google-appengine-1.5.1/google/appengine/datastore/datastore_pb.py,6494,"Bad indentation. Found 4 spaces, expected 8",Category.W,bad-indentation,Use of assert detected. The enclosed code will be removed when compiling to optimised byte code.,HIGH,LOW
google-appengine-1.5.1/google/appengine/datastore/datastore_pb.py,6640,"Bad indentation. Found 4 spaces, expected 8",Category.W,bad-indentation,Use of assert detected. The enclosed code will be removed when compiling to optimised byte code.,HIGH,LOW
google-appengine-1.5.1/google/appengine/datastore/datastore_pb.py,6801,"Bad indentation. Found 4 spaces, expected 8",Category.W,bad-indentation,Use of assert detected. The enclosed code will be removed when compiling to optimised byte code.,HIGH,LOW
google-appengine-1.5.1/google/appengine/datastore/datastore_pb.py,6926,"Bad indentation. Found 4 spaces, expected 8",Category.W,bad-indentation,Use of assert detected. The enclosed code will be removed when compiling to optimised byte code.,HIGH,LOW
google-appengine-1.5.1/google/appengine/datastore/datastore_pb.py,7049,"Bad indentation. Found 4 spaces, expected 8",Category.W,bad-indentation,Use of assert detected. The enclosed code will be removed when compiling to optimised byte code.,HIGH,LOW
google-appengine-1.5.1/google/appengine/datastore/datastore_pb.py,7179,"Bad indentation. Found 4 spaces, expected 8",Category.W,bad-indentation,Use of assert detected. The enclosed code will be removed when compiling to optimised byte code.,HIGH,LOW
google-appengine-1.5.1/google/appengine/datastore/datastore_pb.py,7257,"Bad indentation. Found 4 spaces, expected 8",Category.W,bad-indentation,Use of assert detected. The enclosed code will be removed when compiling to optimised byte code.,HIGH,LOW
google-appengine-1.5.1/google/appengine/datastore/datastore_pb.py,7363,"Bad indentation. Found 4 spaces, expected 8",Category.W,bad-indentation,Use of assert detected. The enclosed code will be removed when compiling to optimised byte code.,HIGH,LOW
google-appengine-1.5.1/google/appengine/datastore/entity_pb.py,79,"Bad indentation. Found 4 spaces, expected 8",Category.W,bad-indentation,Use of assert detected. The enclosed code will be removed when compiling to optimised byte code.,HIGH,LOW
google-appengine-1.5.1/google/appengine/datastore/entity_pb.py,207,"Bad indentation. Found 4 spaces, expected 8",Category.W,bad-indentation,Use of assert detected. The enclosed code will be removed when compiling to optimised byte code.,HIGH,LOW
google-appengine-1.5.1/google/appengine/datastore/entity_pb.py,395,"Bad indentation. Found 4 spaces, expected 8",Category.W,bad-indentation,Use of assert detected. The enclosed code will be removed when compiling to optimised byte code.,HIGH,LOW
google-appengine-1.5.1/google/appengine/datastore/entity_pb.py,614,"Bad indentation. Found 4 spaces, expected 8",Category.W,bad-indentation,Use of assert detected. The enclosed code will be removed when compiling to optimised byte code.,HIGH,LOW
google-appengine-1.5.1/google/appengine/datastore/entity_pb.py,850,"Bad indentation. Found 4 spaces, expected 8",Category.W,bad-indentation,Use of assert detected. The enclosed code will be removed when compiling to optimised byte code.,HIGH,LOW
google-appengine-1.5.1/google/appengine/datastore/entity_pb.py,1219,"Bad indentation. Found 4 spaces, expected 8",Category.W,bad-indentation,Use of assert detected. The enclosed code will be removed when compiling to optimised byte code.,HIGH,LOW
google-appengine-1.5.1/google/appengine/datastore/entity_pb.py,1441,"Bad indentation. Found 4 spaces, expected 8",Category.W,bad-indentation,Use of assert detected. The enclosed code will be removed when compiling to optimised byte code.,HIGH,LOW
google-appengine-1.5.1/google/appengine/datastore/entity_pb.py,1556,"Bad indentation. Found 4 spaces, expected 8",Category.W,bad-indentation,Use of assert detected. The enclosed code will be removed when compiling to optimised byte code.,HIGH,LOW
google-appengine-1.5.1/google/appengine/datastore/entity_pb.py,1698,"Bad indentation. Found 4 spaces, expected 8",Category.W,bad-indentation,Use of assert detected. The enclosed code will be removed when compiling to optimised byte code.,HIGH,LOW
google-appengine-1.5.1/google/appengine/datastore/entity_pb.py,1939,"Bad indentation. Found 4 spaces, expected 8",Category.W,bad-indentation,Use of assert detected. The enclosed code will be removed when compiling to optimised byte code.,HIGH,LOW
google-appengine-1.5.1/google/appengine/datastore/entity_pb.py,2268,"Bad indentation. Found 4 spaces, expected 8",Category.W,bad-indentation,Use of assert detected. The enclosed code will be removed when compiling to optimised byte code.,HIGH,LOW
google-appengine-1.5.1/google/appengine/datastore/entity_pb.py,2563,"Bad indentation. Found 4 spaces, expected 8",Category.W,bad-indentation,Use of assert detected. The enclosed code will be removed when compiling to optimised byte code.,HIGH,LOW
google-appengine-1.5.1/google/appengine/datastore/entity_pb.py,2717,"Bad indentation. Found 4 spaces, expected 8",Category.W,bad-indentation,Use of assert detected. The enclosed code will be removed when compiling to optimised byte code.,HIGH,LOW
google-appengine-1.5.1/google/appengine/datastore/entity_pb.py,2846,"Bad indentation. Found 4 spaces, expected 8",Category.W,bad-indentation,Use of assert detected. The enclosed code will be removed when compiling to optimised byte code.,HIGH,LOW
google-appengine-1.5.1/google/appengine/datastore/entity_pb.py,3063,"Bad indentation. Found 4 spaces, expected 8",Category.W,bad-indentation,Use of assert detected. The enclosed code will be removed when compiling to optimised byte code.,HIGH,LOW
google-appengine-1.5.1/google/appengine/base/capabilities_pb.py,73,"Bad indentation. Found 4 spaces, expected 8",Category.W,bad-indentation,Use of assert detected. The enclosed code will be removed when compiling to optimised byte code.,HIGH,LOW
google-appengine-1.5.1/google/appengine/base/capabilities_pb.py,319,"Bad indentation. Found 4 spaces, expected 8",Category.W,bad-indentation,Use of assert detected. The enclosed code will be removed when compiling to optimised byte code.,HIGH,LOW
google-appengine-1.5.1/google/appengine/tools/dev_appserver_upload.py,94,"Bad indentation. Found 4 spaces, expected 8",Category.W,bad-indentation,"Use of insecure MD2, MD4, MD5, or SHA1 hash function.",HIGH,MEDIUM
google-appengine-1.5.1/google/appengine/tools/dev_appserver_login.py,96,"Bad indentation. Found 4 spaces, expected 8",Category.W,bad-indentation,"Use of insecure MD2, MD4, MD5, or SHA1 hash function.",HIGH,MEDIUM
google-appengine-1.5.1/google/appengine/api/taskqueue/taskqueue_service_pb.py,99,"Bad indentation. Found 4 spaces, expected 8",Category.W,bad-indentation,Use of assert detected. The enclosed code will be removed when compiling to optimised byte code.,HIGH,LOW
google-appengine-1.5.1/google/appengine/api/taskqueue/taskqueue_service_pb.py,237,"Bad indentation. Found 4 spaces, expected 8",Category.W,bad-indentation,Use of assert detected. The enclosed code will be removed when compiling to optimised byte code.,HIGH,LOW
google-appengine-1.5.1/google/appengine/api/taskqueue/taskqueue_service_pb.py,408,"Bad indentation. Found 4 spaces, expected 8",Category.W,bad-indentation,Use of assert detected. The enclosed code will be removed when compiling to optimised byte code.,HIGH,LOW
google-appengine-1.5.1/google/appengine/api/taskqueue/taskqueue_service_pb.py,525,"Bad indentation. Found 4 spaces, expected 8",Category.W,bad-indentation,Use of assert detected. The enclosed code will be removed when compiling to optimised byte code.,HIGH,LOW
google-appengine-1.5.1/google/appengine/api/taskqueue/taskqueue_service_pb.py,647,"Bad indentation. Found 4 spaces, expected 8",Category.W,bad-indentation,Use of assert detected. The enclosed code will be removed when compiling to optimised byte code.,HIGH,LOW
google-appengine-1.5.1/google/appengine/api/taskqueue/taskqueue_service_pb.py,740,"Bad indentation. Found 4 spaces, expected 8",Category.W,bad-indentation,Use of assert detected. The enclosed code will be removed when compiling to optimised byte code.,HIGH,LOW
google-appengine-1.5.1/google/appengine/api/taskqueue/taskqueue_service_pb.py,857,"Bad indentation. Found 4 spaces, expected 8",Category.W,bad-indentation,Use of assert detected. The enclosed code will be removed when compiling to optimised byte code.,HIGH,LOW
google-appengine-1.5.1/google/appengine/api/taskqueue/taskqueue_service_pb.py,1200,"Bad indentation. Found 4 spaces, expected 8",Category.W,bad-indentation,Use of assert detected. The enclosed code will be removed when compiling to optimised byte code.,HIGH,LOW
google-appengine-1.5.1/google/appengine/api/taskqueue/taskqueue_service_pb.py,1615,"Bad indentation. Found 4 spaces, expected 8",Category.W,bad-indentation,Use of assert detected. The enclosed code will be removed when compiling to optimised byte code.,HIGH,LOW
google-appengine-1.5.1/google/appengine/api/taskqueue/taskqueue_service_pb.py,1711,"Bad indentation. Found 4 spaces, expected 8",Category.W,bad-indentation,Use of assert detected. The enclosed code will be removed when compiling to optimised byte code.,HIGH,LOW
google-appengine-1.5.1/google/appengine/api/taskqueue/taskqueue_service_pb.py,1837,"Bad indentation. Found 4 spaces, expected 8",Category.W,bad-indentation,Use of assert detected. The enclosed code will be removed when compiling to optimised byte code.,HIGH,LOW
google-appengine-1.5.1/google/appengine/api/taskqueue/taskqueue_service_pb.py,1936,"Bad indentation. Found 4 spaces, expected 8",Category.W,bad-indentation,Use of assert detected. The enclosed code will be removed when compiling to optimised byte code.,HIGH,LOW
google-appengine-1.5.1/google/appengine/api/taskqueue/taskqueue_service_pb.py,2081,"Bad indentation. Found 4 spaces, expected 8",Category.W,bad-indentation,Use of assert detected. The enclosed code will be removed when compiling to optimised byte code.,HIGH,LOW
google-appengine-1.5.1/google/appengine/api/taskqueue/taskqueue_service_pb.py,2227,"Bad indentation. Found 4 spaces, expected 8",Category.W,bad-indentation,Use of assert detected. The enclosed code will be removed when compiling to optimised byte code.,HIGH,LOW
google-appengine-1.5.1/google/appengine/api/taskqueue/taskqueue_service_pb.py,2359,"Bad indentation. Found 4 spaces, expected 8",Category.W,bad-indentation,Use of assert detected. The enclosed code will be removed when compiling to optimised byte code.,HIGH,LOW
google-appengine-1.5.1/google/appengine/api/taskqueue/taskqueue_service_pb.py,2506,"Bad indentation. Found 4 spaces, expected 8",Category.W,bad-indentation,Use of assert detected. The enclosed code will be removed when compiling to optimised byte code.,HIGH,LOW
google-appengine-1.5.1/google/appengine/api/taskqueue/taskqueue_service_pb.py,2755,"Bad indentation. Found 4 spaces, expected 8",Category.W,bad-indentation,Use of assert detected. The enclosed code will be removed when compiling to optimised byte code.,HIGH,LOW
google-appengine-1.5.1/google/appengine/api/taskqueue/taskqueue_service_pb.py,3059,"Bad indentation. Found 4 spaces, expected 8",Category.W,bad-indentation,Use of assert detected. The enclosed code will be removed when compiling to optimised byte code.,HIGH,LOW
google-appengine-1.5.1/google/appengine/api/taskqueue/taskqueue_service_pb.py,3152,"Bad indentation. Found 4 spaces, expected 8",Category.W,bad-indentation,Use of assert detected. The enclosed code will be removed when compiling to optimised byte code.,HIGH,LOW
google-appengine-1.5.1/google/appengine/api/taskqueue/taskqueue_service_pb.py,3440,"Bad indentation. Found 4 spaces, expected 8",Category.W,bad-indentation,Use of assert detected. The enclosed code will be removed when compiling to optimised byte code.,HIGH,LOW
google-appengine-1.5.1/google/appengine/api/taskqueue/taskqueue_service_pb.py,3727,"Bad indentation. Found 4 spaces, expected 8",Category.W,bad-indentation,Use of assert detected. The enclosed code will be removed when compiling to optimised byte code.,HIGH,LOW
google-appengine-1.5.1/google/appengine/api/taskqueue/taskqueue_service_pb.py,3899,"Bad indentation. Found 4 spaces, expected 8",Category.W,bad-indentation,Use of assert detected. The enclosed code will be removed when compiling to optimised byte code.,HIGH,LOW
google-appengine-1.5.1/google/appengine/api/taskqueue/taskqueue_service_pb.py,4094,"Bad indentation. Found 4 spaces, expected 8",Category.W,bad-indentation,Use of assert detected. The enclosed code will be removed when compiling to optimised byte code.,HIGH,LOW
google-appengine-1.5.1/google/appengine/api/taskqueue/taskqueue_service_pb.py,4295,"Bad indentation. Found 4 spaces, expected 8",Category.W,bad-indentation,Use of assert detected. The enclosed code will be removed when compiling to optimised byte code.,HIGH,LOW
google-appengine-1.5.1/google/appengine/api/taskqueue/taskqueue_service_pb.py,4424,"Bad indentation. Found 4 spaces, expected 8",Category.W,bad-indentation,Use of assert detected. The enclosed code will be removed when compiling to optimised byte code.,HIGH,LOW
google-appengine-1.5.1/google/appengine/api/taskqueue/taskqueue_service_pb.py,4571,"Bad indentation. Found 4 spaces, expected 8",Category.W,bad-indentation,Use of assert detected. The enclosed code will be removed when compiling to optimised byte code.,HIGH,LOW
google-appengine-1.5.1/google/appengine/api/taskqueue/taskqueue_service_pb.py,4702,"Bad indentation. Found 4 spaces, expected 8",Category.W,bad-indentation,Use of assert detected. The enclosed code will be removed when compiling to optimised byte code.,HIGH,LOW
google-appengine-1.5.1/google/appengine/api/taskqueue/taskqueue_service_pb.py,4795,"Bad indentation. Found 4 spaces, expected 8",Category.W,bad-indentation,Use of assert detected. The enclosed code will be removed when compiling to optimised byte code.,HIGH,LOW
google-appengine-1.5.1/google/appengine/api/taskqueue/taskqueue_service_pb.py,4899,"Bad indentation. Found 4 spaces, expected 8",Category.W,bad-indentation,Use of assert detected. The enclosed code will be removed when compiling to optimised byte code.,HIGH,LOW
google-appengine-1.5.1/google/appengine/api/taskqueue/taskqueue_service_pb.py,4992,"Bad indentation. Found 4 spaces, expected 8",Category.W,bad-indentation,Use of assert detected. The enclosed code will be removed when compiling to optimised byte code.,HIGH,LOW
google-appengine-1.5.1/google/appengine/api/taskqueue/taskqueue_service_pb.py,5101,"Bad indentation. Found 4 spaces, expected 8",Category.W,bad-indentation,Use of assert detected. The enclosed code will be removed when compiling to optimised byte code.,HIGH,LOW
google-appengine-1.5.1/google/appengine/api/taskqueue/taskqueue_service_pb.py,5179,"Bad indentation. Found 4 spaces, expected 8",Category.W,bad-indentation,Use of assert detected. The enclosed code will be removed when compiling to optimised byte code.,HIGH,LOW
google-appengine-1.5.1/google/appengine/api/taskqueue/taskqueue_service_pb.py,5264,"Bad indentation. Found 4 spaces, expected 8",Category.W,bad-indentation,Use of assert detected. The enclosed code will be removed when compiling to optimised byte code.,HIGH,LOW
google-appengine-1.5.1/google/appengine/api/taskqueue/taskqueue_service_pb.py,5402,"Bad indentation. Found 4 spaces, expected 8",Category.W,bad-indentation,Use of assert detected. The enclosed code will be removed when compiling to optimised byte code.,HIGH,LOW
google-appengine-1.5.1/google/appengine/api/taskqueue/taskqueue_service_pb.py,5597,"Bad indentation. Found 4 spaces, expected 8",Category.W,bad-indentation,Use of assert detected. The enclosed code will be removed when compiling to optimised byte code.,HIGH,LOW
google-appengine-1.5.1/google/appengine/api/taskqueue/taskqueue_service_pb.py,5714,"Bad indentation. Found 4 spaces, expected 8",Category.W,bad-indentation,Use of assert detected. The enclosed code will be removed when compiling to optimised byte code.,HIGH,LOW
google-appengine-1.5.1/google/appengine/api/taskqueue/taskqueue_service_pb.py,5861,"Bad indentation. Found 4 spaces, expected 8",Category.W,bad-indentation,Use of assert detected. The enclosed code will be removed when compiling to optimised byte code.,HIGH,LOW
google-appengine-1.5.1/google/appengine/api/taskqueue/taskqueue_service_pb.py,6241,"Bad indentation. Found 4 spaces, expected 8",Category.W,bad-indentation,Use of assert detected. The enclosed code will be removed when compiling to optimised byte code.,HIGH,LOW
google-appengine-1.5.1/google/appengine/api/taskqueue/taskqueue_service_pb.py,6586,"Bad indentation. Found 4 spaces, expected 8",Category.W,bad-indentation,Use of assert detected. The enclosed code will be removed when compiling to optimised byte code.,HIGH,LOW
google-appengine-1.5.1/google/appengine/api/taskqueue/taskqueue_service_pb.py,6790,"Bad indentation. Found 4 spaces, expected 8",Category.W,bad-indentation,Use of assert detected. The enclosed code will be removed when compiling to optimised byte code.,HIGH,LOW
google-appengine-1.5.1/google/appengine/api/taskqueue/taskqueue_service_pb.py,6927,"Bad indentation. Found 4 spaces, expected 8",Category.W,bad-indentation,Use of assert detected. The enclosed code will be removed when compiling to optimised byte code.,HIGH,LOW
google-appengine-1.5.1/google/appengine/api/taskqueue/taskqueue_service_pb.py,7050,"Bad indentation. Found 4 spaces, expected 8",Category.W,bad-indentation,Use of assert detected. The enclosed code will be removed when compiling to optimised byte code.,HIGH,LOW
google-appengine-1.5.1/google/appengine/api/taskqueue/taskqueue_service_pb.py,7173,"Bad indentation. Found 4 spaces, expected 8",Category.W,bad-indentation,Use of assert detected. The enclosed code will be removed when compiling to optimised byte code.,HIGH,LOW
google-appengine-1.5.1/google/appengine/api/taskqueue/taskqueue_service_pb.py,7302,"Bad indentation. Found 4 spaces, expected 8",Category.W,bad-indentation,Use of assert detected. The enclosed code will be removed when compiling to optimised byte code.,HIGH,LOW
google-appengine-1.5.1/google/appengine/api/taskqueue/taskqueue_service_pb.py,7492,"Bad indentation. Found 4 spaces, expected 8",Category.W,bad-indentation,Use of assert detected. The enclosed code will be removed when compiling to optimised byte code.,HIGH,LOW
google-appengine-1.5.1/google/appengine/api/taskqueue/taskqueue_service_pb.py,7628,"Bad indentation. Found 4 spaces, expected 8",Category.W,bad-indentation,Use of assert detected. The enclosed code will be removed when compiling to optimised byte code.,HIGH,LOW
google-appengine-1.5.1/google/appengine/api/memcache/__init__.py,162,"Bad indentation. Found 4 spaces, expected 8",Category.W,bad-indentation,"Use of insecure MD2, MD4, MD5, or SHA1 hash function.",HIGH,MEDIUM
google-appengine-1.5.1/google/appengine/api/memcache/__init__.py,249,"Bad indentation. Found 2 spaces, expected 4",Category.W,bad-indentation,Use of assert detected. The enclosed code will be removed when compiling to optimised byte code.,HIGH,LOW
google-appengine-1.5.1/google/appengine/api/memcache/__init__.py,250,"Bad indentation. Found 2 spaces, expected 4",Category.W,bad-indentation,Use of assert detected. The enclosed code will be removed when compiling to optimised byte code.,HIGH,LOW
google-appengine-1.5.1/google/appengine/api/memcache/__init__.py,270,"Bad indentation. Found 4 spaces, expected 8",Category.W,bad-indentation,Use of assert detected. The enclosed code will be removed when compiling to optimised byte code.,HIGH,LOW
google-appengine-1.5.1/google/appengine/api/memcache/__init__.py,271,"Bad indentation. Found 2 spaces, expected 4",Category.W,bad-indentation,Use of assert detected. The enclosed code will be removed when compiling to optimised byte code.,HIGH,LOW
google-appengine-1.5.1/google/appengine/api/memcache/__init__.py,582,"Bad indentation. Found 4 spaces, expected 8",Category.W,bad-indentation,Use of assert detected. The enclosed code will be removed when compiling to optimised byte code.,HIGH,LOW
google-appengine-1.5.1/google/appengine/api/memcache/__init__.py,588,"Bad indentation. Found 4 spaces, expected 8",Category.W,bad-indentation,Use of assert detected. The enclosed code will be removed when compiling to optimised byte code.,HIGH,LOW
google-appengine-1.5.1/google/appengine/api/memcache/__init__.py,796,"Bad indentation. Found 4 spaces, expected 8",Category.W,bad-indentation,Use of assert detected. The enclosed code will be removed when compiling to optimised byte code.,HIGH,LOW
google-appengine-1.5.1/google/appengine/api/memcache/__init__.py,1074,"Bad indentation. Found 4 spaces, expected 8",Category.W,bad-indentation,Use of assert detected. The enclosed code will be removed when compiling to optimised byte code.,HIGH,LOW
google-appengine-1.5.1/google/appengine/api/memcache/__init__.py,250,Undefined variable 'long',Category.E,undefined-variable,Use of assert detected. The enclosed code will be removed when compiling to optimised byte code.,HIGH,LOW
google-appengine-1.5.1/google/appengine/api/memcache/memcache_service_pb.py,54,"Bad indentation. Found 4 spaces, expected 8",Category.W,bad-indentation,Use of assert detected. The enclosed code will be removed when compiling to optimised byte code.,HIGH,LOW
google-appengine-1.5.1/google/appengine/api/memcache/memcache_service_pb.py,147,"Bad indentation. Found 4 spaces, expected 8",Category.W,bad-indentation,Use of assert detected. The enclosed code will be removed when compiling to optimised byte code.,HIGH,LOW
google-appengine-1.5.1/google/appengine/api/memcache/memcache_service_pb.py,323,"Bad indentation. Found 4 spaces, expected 8",Category.W,bad-indentation,Use of assert detected. The enclosed code will be removed when compiling to optimised byte code.,HIGH,LOW
google-appengine-1.5.1/google/appengine/api/memcache/memcache_service_pb.py,551,"Bad indentation. Found 4 spaces, expected 8",Category.W,bad-indentation,Use of assert detected. The enclosed code will be removed when compiling to optimised byte code.,HIGH,LOW
google-appengine-1.5.1/google/appengine/api/memcache/memcache_service_pb.py,703,"Bad indentation. Found 4 spaces, expected 8",Category.W,bad-indentation,Use of assert detected. The enclosed code will be removed when compiling to optimised byte code.,HIGH,LOW
google-appengine-1.5.1/google/appengine/api/memcache/memcache_service_pb.py,916,"Bad indentation. Found 4 spaces, expected 8",Category.W,bad-indentation,Use of assert detected. The enclosed code will be removed when compiling to optimised byte code.,HIGH,LOW
google-appengine-1.5.1/google/appengine/api/memcache/memcache_service_pb.py,1154,"Bad indentation. Found 4 spaces, expected 8",Category.W,bad-indentation,Use of assert detected. The enclosed code will be removed when compiling to optimised byte code.,HIGH,LOW
google-appengine-1.5.1/google/appengine/api/memcache/memcache_service_pb.py,1348,"Bad indentation. Found 4 spaces, expected 8",Category.W,bad-indentation,Use of assert detected. The enclosed code will be removed when compiling to optimised byte code.,HIGH,LOW
google-appengine-1.5.1/google/appengine/api/memcache/memcache_service_pb.py,1465,"Bad indentation. Found 4 spaces, expected 8",Category.W,bad-indentation,Use of assert detected. The enclosed code will be removed when compiling to optimised byte code.,HIGH,LOW
google-appengine-1.5.1/google/appengine/api/memcache/memcache_service_pb.py,1601,"Bad indentation. Found 4 spaces, expected 8",Category.W,bad-indentation,Use of assert detected. The enclosed code will be removed when compiling to optimised byte code.,HIGH,LOW
google-appengine-1.5.1/google/appengine/api/memcache/memcache_service_pb.py,1776,"Bad indentation. Found 4 spaces, expected 8",Category.W,bad-indentation,Use of assert detected. The enclosed code will be removed when compiling to optimised byte code.,HIGH,LOW
google-appengine-1.5.1/google/appengine/api/memcache/memcache_service_pb.py,1988,"Bad indentation. Found 4 spaces, expected 8",Category.W,bad-indentation,Use of assert detected. The enclosed code will be removed when compiling to optimised byte code.,HIGH,LOW
google-appengine-1.5.1/google/appengine/api/memcache/memcache_service_pb.py,2240,"Bad indentation. Found 4 spaces, expected 8",Category.W,bad-indentation,Use of assert detected. The enclosed code will be removed when compiling to optimised byte code.,HIGH,LOW
google-appengine-1.5.1/google/appengine/api/memcache/memcache_service_pb.py,2392,"Bad indentation. Found 4 spaces, expected 8",Category.W,bad-indentation,Use of assert detected. The enclosed code will be removed when compiling to optimised byte code.,HIGH,LOW
google-appengine-1.5.1/google/appengine/api/memcache/memcache_service_pb.py,2552,"Bad indentation. Found 4 spaces, expected 8",Category.W,bad-indentation,Use of assert detected. The enclosed code will be removed when compiling to optimised byte code.,HIGH,LOW
google-appengine-1.5.1/google/appengine/api/memcache/memcache_service_pb.py,2670,"Bad indentation. Found 4 spaces, expected 8",Category.W,bad-indentation,Use of assert detected. The enclosed code will be removed when compiling to optimised byte code.,HIGH,LOW
google-appengine-1.5.1/google/appengine/api/memcache/memcache_service_pb.py,2759,"Bad indentation. Found 4 spaces, expected 8",Category.W,bad-indentation,Use of assert detected. The enclosed code will be removed when compiling to optimised byte code.,HIGH,LOW
google-appengine-1.5.1/google/appengine/api/memcache/memcache_service_pb.py,2844,"Bad indentation. Found 4 spaces, expected 8",Category.W,bad-indentation,Use of assert detected. The enclosed code will be removed when compiling to optimised byte code.,HIGH,LOW
google-appengine-1.5.1/google/appengine/api/memcache/memcache_service_pb.py,3022,"Bad indentation. Found 4 spaces, expected 8",Category.W,bad-indentation,Use of assert detected. The enclosed code will be removed when compiling to optimised byte code.,HIGH,LOW
google-appengine-1.5.1/google/appengine/api/memcache/memcache_service_pb.py,3246,"Bad indentation. Found 4 spaces, expected 8",Category.W,bad-indentation,Use of assert detected. The enclosed code will be removed when compiling to optimised byte code.,HIGH,LOW
google-appengine-1.5.1/google/appengine/api/memcache/memcache_service_pb.py,3386,"Bad indentation. Found 4 spaces, expected 8",Category.W,bad-indentation,Use of assert detected. The enclosed code will be removed when compiling to optimised byte code.,HIGH,LOW
google-appengine-1.5.1/google/appengine/api/memcache/memcache_service_pb.py,3547,"Bad indentation. Found 4 spaces, expected 8",Category.W,bad-indentation,Use of assert detected. The enclosed code will be removed when compiling to optimised byte code.,HIGH,LOW
google-appengine-1.5.1/google/appengine/api/memcache/memcache_service_pb.py,3646,"Bad indentation. Found 4 spaces, expected 8",Category.W,bad-indentation,Use of assert detected. The enclosed code will be removed when compiling to optimised byte code.,HIGH,LOW
google-appengine-1.5.1/google/appengine/api/memcache/memcache_stub.py,61,"Bad indentation. Found 4 spaces, expected 8",Category.W,bad-indentation,Use of assert detected. The enclosed code will be removed when compiling to optimised byte code.,HIGH,LOW
google-appengine-1.5.1/google/appengine/api/memcache/memcache_stub.py,62,"Bad indentation. Found 4 spaces, expected 8",Category.W,bad-indentation,Use of assert detected. The enclosed code will be removed when compiling to optimised byte code.,HIGH,LOW
google-appengine-1.5.1/google/appengine/api/memcache/memcache_stub.py,63,"Bad indentation. Found 4 spaces, expected 8",Category.W,bad-indentation,Use of assert detected. The enclosed code will be removed when compiling to optimised byte code.,HIGH,LOW
google-appengine-1.5.1/google/appengine/api/memcache/memcache_stub.py,263,"Bad indentation. Found 6 spaces, expected 12",Category.W,bad-indentation,Use of assert detected. The enclosed code will be removed when compiling to optimised byte code.,HIGH,LOW
google-appengine-1.5.1/google/appengine/api/memcache/memcache_stub.py,61,Undefined variable 'basestring',Category.E,undefined-variable,Use of assert detected. The enclosed code will be removed when compiling to optimised byte code.,HIGH,LOW
google-appengine-1.5.1/google/appengine/api/memcache/memcache_stub.py,63,Undefined variable 'long',Category.E,undefined-variable,Use of assert detected. The enclosed code will be removed when compiling to optimised byte code.,HIGH,LOW
google-appengine-1.5.1/google/appengine/api/apiproxy_stub.py,77,"Bad indentation. Found 4 spaces, expected 8",Category.W,bad-indentation,Use of assert detected. The enclosed code will be removed when compiling to optimised byte code.,HIGH,LOW
google-appengine-1.5.1/google/appengine/api/apiproxy_stub.py,84,"Bad indentation. Found 4 spaces, expected 8",Category.W,bad-indentation,Use of assert detected. The enclosed code will be removed when compiling to optimised byte code.,HIGH,LOW
google-appengine-1.5.1/google/appengine/api/app_identity/app_identity_service_pb.py,74,"Bad indentation. Found 4 spaces, expected 8",Category.W,bad-indentation,Use of assert detected. The enclosed code will be removed when compiling to optimised byte code.,HIGH,LOW
google-appengine-1.5.1/google/appengine/api/app_identity/app_identity_service_pb.py,185,"Bad indentation. Found 4 spaces, expected 8",Category.W,bad-indentation,Use of assert detected. The enclosed code will be removed when compiling to optimised byte code.,HIGH,LOW
google-appengine-1.5.1/google/appengine/api/app_identity/app_identity_service_pb.py,327,"Bad indentation. Found 4 spaces, expected 8",Category.W,bad-indentation,Use of assert detected. The enclosed code will be removed when compiling to optimised byte code.,HIGH,LOW
google-appengine-1.5.1/google/appengine/api/app_identity/app_identity_service_pb.py,459,"Bad indentation. Found 4 spaces, expected 8",Category.W,bad-indentation,Use of assert detected. The enclosed code will be removed when compiling to optimised byte code.,HIGH,LOW
google-appengine-1.5.1/google/appengine/api/app_identity/app_identity_service_pb.py,585,"Bad indentation. Found 4 spaces, expected 8",Category.W,bad-indentation,Use of assert detected. The enclosed code will be removed when compiling to optimised byte code.,HIGH,LOW
google-appengine-1.5.1/google/appengine/api/app_identity/app_identity_service_pb.py,748,"Bad indentation. Found 4 spaces, expected 8",Category.W,bad-indentation,Use of assert detected. The enclosed code will be removed when compiling to optimised byte code.,HIGH,LOW
google-appengine-1.5.1/google/appengine/api/app_identity/app_identity_service_pb.py,897,"Bad indentation. Found 4 spaces, expected 8",Category.W,bad-indentation,Use of assert detected. The enclosed code will be removed when compiling to optimised byte code.,HIGH,LOW
google-appengine-1.5.1/google/appengine/api/app_identity/app_identity_service_pb.py,1008,"Bad indentation. Found 4 spaces, expected 8",Category.W,bad-indentation,Use of assert detected. The enclosed code will be removed when compiling to optimised byte code.,HIGH,LOW
google-appengine-1.5.1/google/appengine/api/user_service_pb.py,56,"Bad indentation. Found 4 spaces, expected 8",Category.W,bad-indentation,Use of assert detected. The enclosed code will be removed when compiling to optimised byte code.,HIGH,LOW
google-appengine-1.5.1/google/appengine/api/user_service_pb.py,164,"Bad indentation. Found 4 spaces, expected 8",Category.W,bad-indentation,Use of assert detected. The enclosed code will be removed when compiling to optimised byte code.,HIGH,LOW
google-appengine-1.5.1/google/appengine/api/user_service_pb.py,301,"Bad indentation. Found 4 spaces, expected 8",Category.W,bad-indentation,Use of assert detected. The enclosed code will be removed when compiling to optimised byte code.,HIGH,LOW
google-appengine-1.5.1/google/appengine/api/user_service_pb.py,415,"Bad indentation. Found 4 spaces, expected 8",Category.W,bad-indentation,Use of assert detected. The enclosed code will be removed when compiling to optimised byte code.,HIGH,LOW
google-appengine-1.5.1/google/appengine/api/user_service_pb.py,533,"Bad indentation. Found 4 spaces, expected 8",Category.W,bad-indentation,Use of assert detected. The enclosed code will be removed when compiling to optimised byte code.,HIGH,LOW
google-appengine-1.5.1/google/appengine/api/user_service_pb.py,632,"Bad indentation. Found 4 spaces, expected 8",Category.W,bad-indentation,Use of assert detected. The enclosed code will be removed when compiling to optimised byte code.,HIGH,LOW
google-appengine-1.5.1/google/appengine/api/user_service_pb.py,786,"Bad indentation. Found 4 spaces, expected 8",Category.W,bad-indentation,Use of assert detected. The enclosed code will be removed when compiling to optimised byte code.,HIGH,LOW
google-appengine-1.5.1/google/appengine/api/user_service_pb.py,957,"Bad indentation. Found 4 spaces, expected 8",Category.W,bad-indentation,Use of assert detected. The enclosed code will be removed when compiling to optimised byte code.,HIGH,LOW
google-appengine-1.5.1/google/appengine/api/user_service_pb.py,1035,"Bad indentation. Found 4 spaces, expected 8",Category.W,bad-indentation,Use of assert detected. The enclosed code will be removed when compiling to optimised byte code.,HIGH,LOW
google-appengine-1.5.1/google/appengine/api/user_service_pb.py,1164,"Bad indentation. Found 4 spaces, expected 8",Category.W,bad-indentation,Use of assert detected. The enclosed code will be removed when compiling to optimised byte code.,HIGH,LOW
google-appengine-1.5.1/google/appengine/api/user_service_pb.py,1306,"Bad indentation. Found 4 spaces, expected 8",Category.W,bad-indentation,Use of assert detected. The enclosed code will be removed when compiling to optimised byte code.,HIGH,LOW
google-appengine-1.5.1/google/appengine/api/user_service_pb.py,1405,"Bad indentation. Found 4 spaces, expected 8",Category.W,bad-indentation,Use of assert detected. The enclosed code will be removed when compiling to optimised byte code.,HIGH,LOW
google-appengine-1.5.1/google/appengine/api/user_service_pb.py,1504,"Bad indentation. Found 4 spaces, expected 8",Category.W,bad-indentation,Use of assert detected. The enclosed code will be removed when compiling to optimised byte code.,HIGH,LOW
google-appengine-1.5.1/google/appengine/api/files/file_service_pb.py,110,"Bad indentation. Found 4 spaces, expected 8",Category.W,bad-indentation,Use of assert detected. The enclosed code will be removed when compiling to optimised byte code.,HIGH,LOW
google-appengine-1.5.1/google/appengine/api/files/file_service_pb.py,203,"Bad indentation. Found 4 spaces, expected 8",Category.W,bad-indentation,Use of assert detected. The enclosed code will be removed when compiling to optimised byte code.,HIGH,LOW
google-appengine-1.5.1/google/appengine/api/files/file_service_pb.py,342,"Bad indentation. Found 4 spaces, expected 8",Category.W,bad-indentation,Use of assert detected. The enclosed code will be removed when compiling to optimised byte code.,HIGH,LOW
google-appengine-1.5.1/google/appengine/api/files/file_service_pb.py,469,"Bad indentation. Found 4 spaces, expected 8",Category.W,bad-indentation,Use of assert detected. The enclosed code will be removed when compiling to optimised byte code.,HIGH,LOW
google-appengine-1.5.1/google/appengine/api/files/file_service_pb.py,562,"Bad indentation. Found 4 spaces, expected 8",Category.W,bad-indentation,Use of assert detected. The enclosed code will be removed when compiling to optimised byte code.,HIGH,LOW
google-appengine-1.5.1/google/appengine/api/files/file_service_pb.py,747,"Bad indentation. Found 4 spaces, expected 8",Category.W,bad-indentation,Use of assert detected. The enclosed code will be removed when compiling to optimised byte code.,HIGH,LOW
google-appengine-1.5.1/google/appengine/api/files/file_service_pb.py,944,"Bad indentation. Found 4 spaces, expected 8",Category.W,bad-indentation,Use of assert detected. The enclosed code will be removed when compiling to optimised byte code.,HIGH,LOW
google-appengine-1.5.1/google/appengine/api/files/file_service_pb.py,1131,"Bad indentation. Found 4 spaces, expected 8",Category.W,bad-indentation,Use of assert detected. The enclosed code will be removed when compiling to optimised byte code.,HIGH,LOW
google-appengine-1.5.1/google/appengine/api/files/file_service_pb.py,1321,"Bad indentation. Found 4 spaces, expected 8",Category.W,bad-indentation,Use of assert detected. The enclosed code will be removed when compiling to optimised byte code.,HIGH,LOW
google-appengine-1.5.1/google/appengine/api/files/file_service_pb.py,1414,"Bad indentation. Found 4 spaces, expected 8",Category.W,bad-indentation,Use of assert detected. The enclosed code will be removed when compiling to optimised byte code.,HIGH,LOW
google-appengine-1.5.1/google/appengine/api/files/file_service_pb.py,1518,"Bad indentation. Found 4 spaces, expected 8",Category.W,bad-indentation,Use of assert detected. The enclosed code will be removed when compiling to optimised byte code.,HIGH,LOW
google-appengine-1.5.1/google/appengine/api/files/file_service_pb.py,1671,"Bad indentation. Found 4 spaces, expected 8",Category.W,bad-indentation,Use of assert detected. The enclosed code will be removed when compiling to optimised byte code.,HIGH,LOW
google-appengine-1.5.1/google/appengine/api/files/file_service_pb.py,1888,"Bad indentation. Found 4 spaces, expected 8",Category.W,bad-indentation,Use of assert detected. The enclosed code will be removed when compiling to optimised byte code.,HIGH,LOW
google-appengine-1.5.1/google/appengine/api/files/file_service_pb.py,2018,"Bad indentation. Found 4 spaces, expected 8",Category.W,bad-indentation,Use of assert detected. The enclosed code will be removed when compiling to optimised byte code.,HIGH,LOW
google-appengine-1.5.1/google/appengine/api/files/file_service_pb.py,2181,"Bad indentation. Found 4 spaces, expected 8",Category.W,bad-indentation,Use of assert detected. The enclosed code will be removed when compiling to optimised byte code.,HIGH,LOW
google-appengine-1.5.1/google/appengine/api/files/file_service_pb.py,2309,"Bad indentation. Found 4 spaces, expected 8",Category.W,bad-indentation,Use of assert detected. The enclosed code will be removed when compiling to optimised byte code.,HIGH,LOW
google-appengine-1.5.1/google/appengine/api/files/file_service_pb.py,2417,"Bad indentation. Found 4 spaces, expected 8",Category.W,bad-indentation,Use of assert detected. The enclosed code will be removed when compiling to optimised byte code.,HIGH,LOW
google-appengine-1.5.1/google/appengine/api/files/file_service_pb.py,2550,"Bad indentation. Found 4 spaces, expected 8",Category.W,bad-indentation,Use of assert detected. The enclosed code will be removed when compiling to optimised byte code.,HIGH,LOW
google-appengine-1.5.1/google/appengine/api/files/file_service_pb.py,2628,"Bad indentation. Found 4 spaces, expected 8",Category.W,bad-indentation,Use of assert detected. The enclosed code will be removed when compiling to optimised byte code.,HIGH,LOW
google-appengine-1.5.1/google/appengine/api/files/file_service_pb.py,2713,"Bad indentation. Found 4 spaces, expected 8",Category.W,bad-indentation,Use of assert detected. The enclosed code will be removed when compiling to optimised byte code.,HIGH,LOW
google-appengine-1.5.1/google/appengine/api/files/file_service_pb.py,2821,"Bad indentation. Found 4 spaces, expected 8",Category.W,bad-indentation,Use of assert detected. The enclosed code will be removed when compiling to optimised byte code.,HIGH,LOW
google-appengine-1.5.1/google/appengine/api/files/file_service_pb.py,2968,"Bad indentation. Found 4 spaces, expected 8",Category.W,bad-indentation,Use of assert detected. The enclosed code will be removed when compiling to optimised byte code.,HIGH,LOW
google-appengine-1.5.1/google/appengine/api/files/file_service_pb.py,3112,"Bad indentation. Found 4 spaces, expected 8",Category.W,bad-indentation,Use of assert detected. The enclosed code will be removed when compiling to optimised byte code.,HIGH,LOW
google-appengine-1.5.1/google/appengine/api/files/file_service_pb.py,3293,"Bad indentation. Found 4 spaces, expected 8",Category.W,bad-indentation,Use of assert detected. The enclosed code will be removed when compiling to optimised byte code.,HIGH,LOW
google-appengine-1.5.1/google/appengine/api/files/file_service_pb.py,3448,"Bad indentation. Found 4 spaces, expected 8",Category.W,bad-indentation,Use of assert detected. The enclosed code will be removed when compiling to optimised byte code.,HIGH,LOW
google-appengine-1.5.1/google/appengine/api/files/file_service_pb.py,3639,"Bad indentation. Found 4 spaces, expected 8",Category.W,bad-indentation,Use of assert detected. The enclosed code will be removed when compiling to optimised byte code.,HIGH,LOW
google-appengine-1.5.1/google/appengine/api/files/file_service_pb.py,3817,"Bad indentation. Found 4 spaces, expected 8",Category.W,bad-indentation,Use of assert detected. The enclosed code will be removed when compiling to optimised byte code.,HIGH,LOW
google-appengine-1.5.1/google/appengine/api/files/file_service_pb.py,3895,"Bad indentation. Found 4 spaces, expected 8",Category.W,bad-indentation,Use of assert detected. The enclosed code will be removed when compiling to optimised byte code.,HIGH,LOW
google-appengine-1.5.1/google/appengine/api/files/file_service_pb.py,4004,"Bad indentation. Found 4 spaces, expected 8",Category.W,bad-indentation,Use of assert detected. The enclosed code will be removed when compiling to optimised byte code.,HIGH,LOW
google-appengine-1.5.1/google/appengine/api/files/shuffle_types_pb.py,88,"Bad indentation. Found 4 spaces, expected 8",Category.W,bad-indentation,Use of assert detected. The enclosed code will be removed when compiling to optimised byte code.,HIGH,LOW
google-appengine-1.5.1/google/appengine/api/files/shuffle_types_pb.py,181,"Bad indentation. Found 4 spaces, expected 8",Category.W,bad-indentation,Use of assert detected. The enclosed code will be removed when compiling to optimised byte code.,HIGH,LOW
google-appengine-1.5.1/google/appengine/api/files/shuffle_types_pb.py,314,"Bad indentation. Found 4 spaces, expected 8",Category.W,bad-indentation,Use of assert detected. The enclosed code will be removed when compiling to optimised byte code.,HIGH,LOW
google-appengine-1.5.1/google/appengine/api/capabilities/capability_service_pb.py,83,"Bad indentation. Found 4 spaces, expected 8",Category.W,bad-indentation,Use of assert detected. The enclosed code will be removed when compiling to optimised byte code.,HIGH,LOW
google-appengine-1.5.1/google/appengine/api/capabilities/capability_service_pb.py,287,"Bad indentation. Found 4 spaces, expected 8",Category.W,bad-indentation,Use of assert detected. The enclosed code will be removed when compiling to optimised byte code.,HIGH,LOW
google-appengine-1.5.1/google/appengine/api/prospective_search/prospective_search_pb.py,103,"Bad indentation. Found 4 spaces, expected 8",Category.W,bad-indentation,Use of assert detected. The enclosed code will be removed when compiling to optimised byte code.,HIGH,LOW
google-appengine-1.5.1/google/appengine/api/prospective_search/prospective_search_pb.py,307,"Bad indentation. Found 4 spaces, expected 8",Category.W,bad-indentation,Use of assert detected. The enclosed code will be removed when compiling to optimised byte code.,HIGH,LOW
google-appengine-1.5.1/google/appengine/api/prospective_search/prospective_search_pb.py,498,"Bad indentation. Found 4 spaces, expected 8",Category.W,bad-indentation,Use of assert detected. The enclosed code will be removed when compiling to optimised byte code.,HIGH,LOW
google-appengine-1.5.1/google/appengine/api/prospective_search/prospective_search_pb.py,591,"Bad indentation. Found 4 spaces, expected 8",Category.W,bad-indentation,Use of assert detected. The enclosed code will be removed when compiling to optimised byte code.,HIGH,LOW
google-appengine-1.5.1/google/appengine/api/prospective_search/prospective_search_pb.py,700,"Bad indentation. Found 4 spaces, expected 8",Category.W,bad-indentation,Use of assert detected. The enclosed code will be removed when compiling to optimised byte code.,HIGH,LOW
google-appengine-1.5.1/google/appengine/api/prospective_search/prospective_search_pb.py,853,"Bad indentation. Found 4 spaces, expected 8",Category.W,bad-indentation,Use of assert detected. The enclosed code will be removed when compiling to optimised byte code.,HIGH,LOW
google-appengine-1.5.1/google/appengine/api/prospective_search/prospective_search_pb.py,1101,"Bad indentation. Found 4 spaces, expected 8",Category.W,bad-indentation,Use of assert detected. The enclosed code will be removed when compiling to optimised byte code.,HIGH,LOW
google-appengine-1.5.1/google/appengine/api/prospective_search/prospective_search_pb.py,1278,"Bad indentation. Found 4 spaces, expected 8",Category.W,bad-indentation,Use of assert detected. The enclosed code will be removed when compiling to optimised byte code.,HIGH,LOW
google-appengine-1.5.1/google/appengine/api/prospective_search/prospective_search_pb.py,1419,"Bad indentation. Found 4 spaces, expected 8",Category.W,bad-indentation,Use of assert detected. The enclosed code will be removed when compiling to optimised byte code.,HIGH,LOW
google-appengine-1.5.1/google/appengine/api/prospective_search/prospective_search_pb.py,1552,"Bad indentation. Found 4 spaces, expected 8",Category.W,bad-indentation,Use of assert detected. The enclosed code will be removed when compiling to optimised byte code.,HIGH,LOW
google-appengine-1.5.1/google/appengine/api/prospective_search/prospective_search_pb.py,1752,"Bad indentation. Found 4 spaces, expected 8",Category.W,bad-indentation,Use of assert detected. The enclosed code will be removed when compiling to optimised byte code.,HIGH,LOW
google-appengine-1.5.1/google/appengine/api/prospective_search/prospective_search_pb.py,1980,"Bad indentation. Found 4 spaces, expected 8",Category.W,bad-indentation,Use of assert detected. The enclosed code will be removed when compiling to optimised byte code.,HIGH,LOW
google-appengine-1.5.1/google/appengine/api/prospective_search/error_pb.py,48,"Bad indentation. Found 4 spaces, expected 8",Category.W,bad-indentation,Use of assert detected. The enclosed code will be removed when compiling to optimised byte code.,HIGH,LOW
google-appengine-1.5.1/google/appengine/api/mail_service_pb.py,56,"Bad indentation. Found 4 spaces, expected 8",Category.W,bad-indentation,Use of assert detected. The enclosed code will be removed when compiling to optimised byte code.,HIGH,LOW
google-appengine-1.5.1/google/appengine/api/mail_service_pb.py,149,"Bad indentation. Found 4 spaces, expected 8",Category.W,bad-indentation,Use of assert detected. The enclosed code will be removed when compiling to optimised byte code.,HIGH,LOW
google-appengine-1.5.1/google/appengine/api/mail_service_pb.py,397,"Bad indentation. Found 4 spaces, expected 8",Category.W,bad-indentation,Use of assert detected. The enclosed code will be removed when compiling to optimised byte code.,HIGH,LOW
google-appengine-1.5.1/google/appengine/api/images/images_service_pb.py,56,"Bad indentation. Found 4 spaces, expected 8",Category.W,bad-indentation,Use of assert detected. The enclosed code will be removed when compiling to optimised byte code.,HIGH,LOW
google-appengine-1.5.1/google/appengine/api/images/images_service_pb.py,141,"Bad indentation. Found 4 spaces, expected 8",Category.W,bad-indentation,Use of assert detected. The enclosed code will be removed when compiling to optimised byte code.,HIGH,LOW
google-appengine-1.5.1/google/appengine/api/images/images_service_pb.py,354,"Bad indentation. Found 4 spaces, expected 8",Category.W,bad-indentation,Use of assert detected. The enclosed code will be removed when compiling to optimised byte code.,HIGH,LOW
google-appengine-1.5.1/google/appengine/api/images/images_service_pb.py,634,"Bad indentation. Found 4 spaces, expected 8",Category.W,bad-indentation,Use of assert detected. The enclosed code will be removed when compiling to optimised byte code.,HIGH,LOW
google-appengine-1.5.1/google/appengine/api/images/images_service_pb.py,765,"Bad indentation. Found 4 spaces, expected 8",Category.W,bad-indentation,Use of assert detected. The enclosed code will be removed when compiling to optimised byte code.,HIGH,LOW
google-appengine-1.5.1/google/appengine/api/images/images_service_pb.py,889,"Bad indentation. Found 4 spaces, expected 8",Category.W,bad-indentation,Use of assert detected. The enclosed code will be removed when compiling to optimised byte code.,HIGH,LOW
google-appengine-1.5.1/google/appengine/api/images/images_service_pb.py,1046,"Bad indentation. Found 4 spaces, expected 8",Category.W,bad-indentation,Use of assert detected. The enclosed code will be removed when compiling to optimised byte code.,HIGH,LOW
google-appengine-1.5.1/google/appengine/api/images/images_service_pb.py,1246,"Bad indentation. Found 4 spaces, expected 8",Category.W,bad-indentation,Use of assert detected. The enclosed code will be removed when compiling to optimised byte code.,HIGH,LOW
google-appengine-1.5.1/google/appengine/api/images/images_service_pb.py,1441,"Bad indentation. Found 4 spaces, expected 8",Category.W,bad-indentation,Use of assert detected. The enclosed code will be removed when compiling to optimised byte code.,HIGH,LOW
google-appengine-1.5.1/google/appengine/api/images/images_service_pb.py,1674,"Bad indentation. Found 4 spaces, expected 8",Category.W,bad-indentation,Use of assert detected. The enclosed code will be removed when compiling to optimised byte code.,HIGH,LOW
google-appengine-1.5.1/google/appengine/api/images/images_service_pb.py,1878,"Bad indentation. Found 4 spaces, expected 8",Category.W,bad-indentation,Use of assert detected. The enclosed code will be removed when compiling to optimised byte code.,HIGH,LOW
google-appengine-1.5.1/google/appengine/api/images/images_service_pb.py,2053,"Bad indentation. Found 4 spaces, expected 8",Category.W,bad-indentation,Use of assert detected. The enclosed code will be removed when compiling to optimised byte code.,HIGH,LOW
google-appengine-1.5.1/google/appengine/api/images/images_service_pb.py,2156,"Bad indentation. Found 4 spaces, expected 8",Category.W,bad-indentation,Use of assert detected. The enclosed code will be removed when compiling to optimised byte code.,HIGH,LOW
google-appengine-1.5.1/google/appengine/api/images/images_service_pb.py,2297,"Bad indentation. Found 4 spaces, expected 8",Category.W,bad-indentation,Use of assert detected. The enclosed code will be removed when compiling to optimised byte code.,HIGH,LOW
google-appengine-1.5.1/google/appengine/api/images/images_service_pb.py,2448,"Bad indentation. Found 4 spaces, expected 8",Category.W,bad-indentation,Use of assert detected. The enclosed code will be removed when compiling to optimised byte code.,HIGH,LOW
google-appengine-1.5.1/google/appengine/api/images/images_service_pb.py,2556,"Bad indentation. Found 4 spaces, expected 8",Category.W,bad-indentation,Use of assert detected. The enclosed code will be removed when compiling to optimised byte code.,HIGH,LOW
google-appengine-1.5.1/google/appengine/api/images/images_service_pb.py,2655,"Bad indentation. Found 4 spaces, expected 8",Category.W,bad-indentation,Use of assert detected. The enclosed code will be removed when compiling to optimised byte code.,HIGH,LOW
google-appengine-1.5.1/google/appengine/api/channel/channel_service_pb.py,54,"Bad indentation. Found 4 spaces, expected 8",Category.W,bad-indentation,Use of assert detected. The enclosed code will be removed when compiling to optimised byte code.,HIGH,LOW
google-appengine-1.5.1/google/appengine/api/channel/channel_service_pb.py,132,"Bad indentation. Found 4 spaces, expected 8",Category.W,bad-indentation,Use of assert detected. The enclosed code will be removed when compiling to optimised byte code.,HIGH,LOW
google-appengine-1.5.1/google/appengine/api/channel/channel_service_pb.py,231,"Bad indentation. Found 4 spaces, expected 8",Category.W,bad-indentation,Use of assert detected. The enclosed code will be removed when compiling to optimised byte code.,HIGH,LOW
google-appengine-1.5.1/google/appengine/api/channel/channel_service_pb.py,340,"Bad indentation. Found 4 spaces, expected 8",Category.W,bad-indentation,Use of assert detected. The enclosed code will be removed when compiling to optimised byte code.,HIGH,LOW
google-appengine-1.5.1/google/appengine/api/channel/channel_service_stub.py,102,"Bad indentation. Found 4 spaces, expected 8",Category.W,bad-indentation,Standard pseudo-random generators are not suitable for security/cryptographic purposes.,HIGH,LOW
google-appengine-1.5.1/google/appengine/api/datastore_entities.py,96,"Bad indentation. Found 4 spaces, expected 8",Category.W,bad-indentation,Use of assert detected. The enclosed code will be removed when compiling to optimised byte code.,HIGH,LOW
google-appengine-1.5.1/google/appengine/api/datastore_entities.py,147,"Bad indentation. Found 8 spaces, expected 16",Category.W,bad-indentation,Use of assert detected. The enclosed code will be removed when compiling to optimised byte code.,HIGH,LOW
google-appengine-1.5.1/google/appengine/api/xmpp/xmpp_service_pb.py,62,"Bad indentation. Found 4 spaces, expected 8",Category.W,bad-indentation,Use of assert detected. The enclosed code will be removed when compiling to optimised byte code.,HIGH,LOW
google-appengine-1.5.1/google/appengine/api/xmpp/xmpp_service_pb.py,155,"Bad indentation. Found 4 spaces, expected 8",Category.W,bad-indentation,Use of assert detected. The enclosed code will be removed when compiling to optimised byte code.,HIGH,LOW
google-appengine-1.5.1/google/appengine/api/xmpp/xmpp_service_pb.py,307,"Bad indentation. Found 4 spaces, expected 8",Category.W,bad-indentation,Use of assert detected. The enclosed code will be removed when compiling to optimised byte code.,HIGH,LOW
google-appengine-1.5.1/google/appengine/api/xmpp/xmpp_service_pb.py,484,"Bad indentation. Found 4 spaces, expected 8",Category.W,bad-indentation,Use of assert detected. The enclosed code will be removed when compiling to optimised byte code.,HIGH,LOW
google-appengine-1.5.1/google/appengine/api/xmpp/xmpp_service_pb.py,683,"Bad indentation. Found 4 spaces, expected 8",Category.W,bad-indentation,Use of assert detected. The enclosed code will be removed when compiling to optimised byte code.,HIGH,LOW
google-appengine-1.5.1/google/appengine/api/xmpp/xmpp_service_pb.py,845,"Bad indentation. Found 4 spaces, expected 8",Category.W,bad-indentation,Use of assert detected. The enclosed code will be removed when compiling to optimised byte code.,HIGH,LOW
google-appengine-1.5.1/google/appengine/api/xmpp/xmpp_service_pb.py,1006,"Bad indentation. Found 4 spaces, expected 8",Category.W,bad-indentation,Use of assert detected. The enclosed code will be removed when compiling to optimised byte code.,HIGH,LOW
google-appengine-1.5.1/google/appengine/api/xmpp/xmpp_service_pb.py,1099,"Bad indentation. Found 4 spaces, expected 8",Category.W,bad-indentation,Use of assert detected. The enclosed code will be removed when compiling to optimised byte code.,HIGH,LOW
google-appengine-1.5.1/google/appengine/api/xmpp/xmpp_service_pb.py,1203,"Bad indentation. Found 4 spaces, expected 8",Category.W,bad-indentation,Use of assert detected. The enclosed code will be removed when compiling to optimised byte code.,HIGH,LOW
google-appengine-1.5.1/google/appengine/api/blobstore/blobstore_service_pb.py,60,"Bad indentation. Found 4 spaces, expected 8",Category.W,bad-indentation,Use of assert detected. The enclosed code will be removed when compiling to optimised byte code.,HIGH,LOW
google-appengine-1.5.1/google/appengine/api/blobstore/blobstore_service_pb.py,138,"Bad indentation. Found 4 spaces, expected 8",Category.W,bad-indentation,Use of assert detected. The enclosed code will be removed when compiling to optimised byte code.,HIGH,LOW
google-appengine-1.5.1/google/appengine/api/blobstore/blobstore_service_pb.py,237,"Bad indentation. Found 4 spaces, expected 8",Category.W,bad-indentation,Use of assert detected. The enclosed code will be removed when compiling to optimised byte code.,HIGH,LOW
google-appengine-1.5.1/google/appengine/api/blobstore/blobstore_service_pb.py,337,"Bad indentation. Found 4 spaces, expected 8",Category.W,bad-indentation,Use of assert detected. The enclosed code will be removed when compiling to optimised byte code.,HIGH,LOW
google-appengine-1.5.1/google/appengine/api/blobstore/blobstore_service_pb.py,469,"Bad indentation. Found 4 spaces, expected 8",Category.W,bad-indentation,Use of assert detected. The enclosed code will be removed when compiling to optimised byte code.,HIGH,LOW
google-appengine-1.5.1/google/appengine/api/blobstore/blobstore_service_pb.py,616,"Bad indentation. Found 4 spaces, expected 8",Category.W,bad-indentation,Use of assert detected. The enclosed code will be removed when compiling to optimised byte code.,HIGH,LOW
google-appengine-1.5.1/google/appengine/api/blobstore/blobstore_service_pb.py,716,"Bad indentation. Found 4 spaces, expected 8",Category.W,bad-indentation,Use of assert detected. The enclosed code will be removed when compiling to optimised byte code.,HIGH,LOW
google-appengine-1.5.1/google/appengine/api/blobstore/blobstore_service_pb.py,819,"Bad indentation. Found 4 spaces, expected 8",Category.W,bad-indentation,Use of assert detected. The enclosed code will be removed when compiling to optimised byte code.,HIGH,LOW
google-appengine-1.5.1/google/appengine/api/api_base_pb.py,49,"Bad indentation. Found 4 spaces, expected 8",Category.W,bad-indentation,Use of assert detected. The enclosed code will be removed when compiling to optimised byte code.,HIGH,LOW
google-appengine-1.5.1/google/appengine/api/api_base_pb.py,148,"Bad indentation. Found 4 spaces, expected 8",Category.W,bad-indentation,Use of assert detected. The enclosed code will be removed when compiling to optimised byte code.,HIGH,LOW
google-appengine-1.5.1/google/appengine/api/api_base_pb.py,247,"Bad indentation. Found 4 spaces, expected 8",Category.W,bad-indentation,Use of assert detected. The enclosed code will be removed when compiling to optimised byte code.,HIGH,LOW
google-appengine-1.5.1/google/appengine/api/api_base_pb.py,346,"Bad indentation. Found 4 spaces, expected 8",Category.W,bad-indentation,Use of assert detected. The enclosed code will be removed when compiling to optimised byte code.,HIGH,LOW
google-appengine-1.5.1/google/appengine/api/api_base_pb.py,443,"Bad indentation. Found 4 spaces, expected 8",Category.W,bad-indentation,Use of assert detected. The enclosed code will be removed when compiling to optimised byte code.,HIGH,LOW
google-appengine-1.5.1/google/appengine/api/api_base_pb.py,540,"Bad indentation. Found 4 spaces, expected 8",Category.W,bad-indentation,Use of assert detected. The enclosed code will be removed when compiling to optimised byte code.,HIGH,LOW
google-appengine-1.5.1/google/appengine/api/api_base_pb.py,625,"Bad indentation. Found 4 spaces, expected 8",Category.W,bad-indentation,Use of assert detected. The enclosed code will be removed when compiling to optimised byte code.,HIGH,LOW
google-appengine-1.5.1/google/appengine/api/urlfetch_service_pb.py,58,"Bad indentation. Found 4 spaces, expected 8",Category.W,bad-indentation,Use of assert detected. The enclosed code will be removed when compiling to optimised byte code.,HIGH,LOW
google-appengine-1.5.1/google/appengine/api/urlfetch_service_pb.py,151,"Bad indentation. Found 4 spaces, expected 8",Category.W,bad-indentation,Use of assert detected. The enclosed code will be removed when compiling to optimised byte code.,HIGH,LOW
google-appengine-1.5.1/google/appengine/api/urlfetch_service_pb.py,364,"Bad indentation. Found 4 spaces, expected 8",Category.W,bad-indentation,Use of assert detected. The enclosed code will be removed when compiling to optimised byte code.,HIGH,LOW
google-appengine-1.5.1/google/appengine/api/urlfetch_service_pb.py,617,"Bad indentation. Found 4 spaces, expected 8",Category.W,bad-indentation,Use of assert detected. The enclosed code will be removed when compiling to optimised byte code.,HIGH,LOW
google-appengine-1.5.1/google/appengine/api/urlfetch_service_pb.py,856,"Bad indentation. Found 4 spaces, expected 8",Category.W,bad-indentation,Use of assert detected. The enclosed code will be removed when compiling to optimised byte code.,HIGH,LOW
google-appengine-1.5.1/google/appengine/api/system/system_service_pb.py,48,"Bad indentation. Found 4 spaces, expected 8",Category.W,bad-indentation,Use of assert detected. The enclosed code will be removed when compiling to optimised byte code.,HIGH,LOW
google-appengine-1.5.1/google/appengine/api/system/system_service_pb.py,201,"Bad indentation. Found 4 spaces, expected 8",Category.W,bad-indentation,Use of assert detected. The enclosed code will be removed when compiling to optimised byte code.,HIGH,LOW
google-appengine-1.5.1/google/appengine/api/system/system_service_pb.py,376,"Bad indentation. Found 4 spaces, expected 8",Category.W,bad-indentation,Use of assert detected. The enclosed code will be removed when compiling to optimised byte code.,HIGH,LOW
google-appengine-1.5.1/google/appengine/api/system/system_service_pb.py,482,"Bad indentation. Found 4 spaces, expected 8",Category.W,bad-indentation,Use of assert detected. The enclosed code will be removed when compiling to optimised byte code.,HIGH,LOW
google-appengine-1.5.1/google/appengine/api/system/system_service_pb.py,599,"Bad indentation. Found 4 spaces, expected 8",Category.W,bad-indentation,Use of assert detected. The enclosed code will be removed when compiling to optimised byte code.,HIGH,LOW
google-appengine-1.5.1/google/appengine/api/system/system_service_pb.py,677,"Bad indentation. Found 4 spaces, expected 8",Category.W,bad-indentation,Use of assert detected. The enclosed code will be removed when compiling to optimised byte code.,HIGH,LOW
google-appengine-1.5.1/google/appengine/api/logservice/log_service_pb.py,71,"Bad indentation. Found 4 spaces, expected 8",Category.W,bad-indentation,Use of assert detected. The enclosed code will be removed when compiling to optimised byte code.,HIGH,LOW
google-appengine-1.5.1/google/appengine/api/logservice/log_service_pb.py,198,"Bad indentation. Found 4 spaces, expected 8",Category.W,bad-indentation,Use of assert detected. The enclosed code will be removed when compiling to optimised byte code.,HIGH,LOW
google-appengine-1.5.1/google/appengine/ext/mapreduce/mapreduce_pipeline.py,153,"Bad indentation. Found 10 spaces, expected 20",Category.W,bad-indentation,"Try, Except, Pass detected.",HIGH,LOW
google-appengine-1.5.1/google/appengine/ext/mapreduce/mapreduce_pipeline.py,153,No exception type(s) specified,Category.W,bare-except,"Try, Except, Pass detected.",HIGH,LOW
google-appengine-1.5.1/google/appengine/ext/mapreduce/model.py,700,"Bad indentation. Found 6 spaces, expected 12",Category.W,bad-indentation,Use of assert detected. The enclosed code will be removed when compiling to optimised byte code.,HIGH,LOW
google-appengine-1.5.1/google/appengine/ext/bulkload/bulkload_deprecated.py,118,"Bad indentation. Found 6 spaces, expected 12",Category.W,bad-indentation,Use of assert detected. The enclosed code will be removed when compiling to optimised byte code.,HIGH,LOW
google-appengine-1.5.1/google/appengine/ext/bulkload/bulkload_deprecated.py,152,"Bad indentation. Found 4 spaces, expected 8",Category.W,bad-indentation,Use of assert detected. The enclosed code will be removed when compiling to optimised byte code.,HIGH,LOW
google-appengine-1.5.1/google/appengine/ext/bulkload/bulkload_deprecated.py,374,"Bad indentation. Found 2 spaces, expected 4",Category.W,bad-indentation,Consider possible security implications associated with wsgiref.handlers.CGIHandler module.,HIGH,HIGH
google-appengine-1.5.1/google/appengine/ext/bulkload/simplexml_connector.py,43,"Bad indentation. Found 2 spaces, expected 4",Category.W,bad-indentation,"Using ElementTree to parse untrusted XML data is known to be vulnerable to XML attacks. Replace ElementTree with the equivalent defusedxml package, or make sure defusedxml.defuse_stdlib() is called.",HIGH,LOW
google-appengine-1.5.1/google/appengine/ext/bulkload/simplexml_connector.py,129,"Bad indentation. Found 4 spaces, expected 8",Category.W,bad-indentation,Use of assert detected. The enclosed code will be removed when compiling to optimised byte code.,HIGH,LOW
google-appengine-1.5.1/google/appengine/ext/bulkload/transform.py,350,"Bad indentation. Found 6 spaces, expected 12",Category.W,bad-indentation,Use of insecure and deprecated function (mktemp).,HIGH,MEDIUM
google-appengine-1.5.1/google/appengine/ext/db/polymodel.py,385,"Bad indentation. Found 6 spaces, expected 12",Category.W,bad-indentation,Possible SQL injection vector through string-based query construction.,LOW,MEDIUM
google-appengine-1.5.1/google/appengine/ext/appstats/datamodel_pb.py,64,"Bad indentation. Found 4 spaces, expected 8",Category.W,bad-indentation,Use of assert detected. The enclosed code will be removed when compiling to optimised byte code.,HIGH,LOW
google-appengine-1.5.1/google/appengine/ext/appstats/datamodel_pb.py,202,"Bad indentation. Found 4 spaces, expected 8",Category.W,bad-indentation,Use of assert detected. The enclosed code will be removed when compiling to optimised byte code.,HIGH,LOW
google-appengine-1.5.1/google/appengine/ext/appstats/datamodel_pb.py,372,"Bad indentation. Found 4 spaces, expected 8",Category.W,bad-indentation,Use of assert detected. The enclosed code will be removed when compiling to optimised byte code.,HIGH,LOW
google-appengine-1.5.1/google/appengine/ext/appstats/datamodel_pb.py,672,"Bad indentation. Found 4 spaces, expected 8",Category.W,bad-indentation,Use of assert detected. The enclosed code will be removed when compiling to optimised byte code.,HIGH,LOW
google-appengine-1.5.1/google/appengine/ext/appstats/datamodel_pb.py,1146,"Bad indentation. Found 4 spaces, expected 8",Category.W,bad-indentation,Use of assert detected. The enclosed code will be removed when compiling to optimised byte code.,HIGH,LOW
google-appengine-1.5.1/google/appengine/ext/appstats/sample_appengine_config.py,186,"Bad indentation. Found 2 spaces, expected 4",Category.W,bad-indentation,Standard pseudo-random generators are not suitable for security/cryptographic purposes.,HIGH,LOW
google-appengine-1.5.1/google/appengine/ext/key_range/__init__.py,90,"Bad indentation. Found 4 spaces, expected 8",Category.W,bad-indentation,Use of assert detected. The enclosed code will be removed when compiling to optimised byte code.,HIGH,LOW
google-appengine-1.5.1/google/appengine/ext/key_range/__init__.py,142,"Bad indentation. Found 4 spaces, expected 8",Category.W,bad-indentation,Use of assert detected. The enclosed code will be removed when compiling to optimised byte code.,HIGH,LOW
google-appengine-1.5.1/google/appengine/ext/key_range/__init__.py,166,"Bad indentation. Found 4 spaces, expected 8",Category.W,bad-indentation,Use of assert detected. The enclosed code will be removed when compiling to optimised byte code.,HIGH,LOW
google-appengine-1.5.1/google/appengine/ext/key_range/__init__.py,214,"Bad indentation. Found 4 spaces, expected 8",Category.W,bad-indentation,Use of assert detected. The enclosed code will be removed when compiling to optimised byte code.,HIGH,LOW
google-appengine-1.5.1/google/appengine/ext/key_range/__init__.py,253,"Bad indentation. Found 4 spaces, expected 8",Category.W,bad-indentation,Use of assert detected. The enclosed code will be removed when compiling to optimised byte code.,HIGH,LOW
google-appengine-1.5.1/google/appengine/ext/key_range/__init__.py,472,"Bad indentation. Found 4 spaces, expected 8",Category.W,bad-indentation,Use of assert detected. The enclosed code will be removed when compiling to optimised byte code.,HIGH,LOW
google-appengine-1.5.1/google/appengine/ext/key_range/__init__.py,473,"Bad indentation. Found 4 spaces, expected 8",Category.W,bad-indentation,Use of assert detected. The enclosed code will be removed when compiling to optimised byte code.,HIGH,LOW
google-appengine-1.5.1/google/appengine/ext/key_range/__init__.py,478,"Bad indentation. Found 4 spaces, expected 8",Category.W,bad-indentation,Use of assert detected. The enclosed code will be removed when compiling to optimised byte code.,HIGH,LOW
google-appengine-1.5.1/google/appengine/ext/key_range/__init__.py,479,"Bad indentation. Found 4 spaces, expected 8",Category.W,bad-indentation,Use of assert detected. The enclosed code will be removed when compiling to optimised byte code.,HIGH,LOW
google-appengine-1.5.1/google/appengine/ext/preload/__init__.py,107,"Import ""import ftplib"" should be placed at the top of the module",Category.C,wrong-import-position,A FTP-related module is being imported.  FTP is considered insecure. Use SSH/SFTP/SCP or some other encrypted protocol.,HIGH,HIGH
google-appengine-1.5.1/google/appengine/ext/preload/__init__.py,153,"Import ""import pickle"" should be placed at the top of the module",Category.C,wrong-import-position,Consider possible security implications associated with pickle module.,HIGH,LOW
google-appengine-1.5.1/google/appengine/ext/preload/__init__.py,154,"Import ""import pickletools"" should be placed at the top of the module",Category.C,wrong-import-position,Consider possible security implications associated with pickletools module.,HIGH,LOW
google-appengine-1.5.1/google/appengine/ext/preload/__init__.py,207,"Import ""import telnetlib"" should be placed at the top of the module",Category.C,wrong-import-position,A telnet-related module is being imported.  Telnet is considered insecure. Use SSH or some other encrypted protocol.,HIGH,HIGH
google-appengine-1.5.1/google/appengine/ext/preload/__init__.py,235,"Import ""import xml.sax"" should be placed at the top of the module",Category.C,wrong-import-position,"Using xml.sax to parse untrusted XML data is known to be vulnerable to XML attacks. Replace xml.sax with the equivalent defusedxml package, or make sure defusedxml.defuse_stdlib() is called.",HIGH,LOW
google-appengine-1.5.1/google/appengine/ext/preload/__init__.py,237,"Import ""import xmlrpclib"" should be placed at the top of the module",Category.C,wrong-import-position,Using xmlrpclib to parse untrusted XML data is known to be vulnerable to XML attacks. Use defused.xmlrpc.monkey_patch() function to monkey-patch xmlrpclib and mitigate XML vulnerabilities.,HIGH,HIGH
google-appengine-1.5.1/google/appengine/ext/preload/__init__.py,107,"standard import ""import ftplib"" should be placed before ""import audiodev""",Category.C,wrong-import-order,A FTP-related module is being imported.  FTP is considered insecure. Use SSH/SFTP/SCP or some other encrypted protocol.,HIGH,HIGH
google-appengine-1.5.1/google/appengine/ext/preload/__init__.py,153,"standard import ""import pickle"" should be placed before ""import audiodev""",Category.C,wrong-import-order,Consider possible security implications associated with pickle module.,HIGH,LOW
google-appengine-1.5.1/google/appengine/ext/preload/__init__.py,154,"standard import ""import pickletools"" should be placed before ""import audiodev""",Category.C,wrong-import-order,Consider possible security implications associated with pickletools module.,HIGH,LOW
google-appengine-1.5.1/google/appengine/ext/preload/__init__.py,207,"standard import ""import telnetlib"" should be placed before ""import audiodev""",Category.C,wrong-import-order,A telnet-related module is being imported.  Telnet is considered insecure. Use SSH or some other encrypted protocol.,HIGH,HIGH
google-appengine-1.5.1/google/appengine/ext/preload/__init__.py,235,"standard import ""import xml.sax"" should be placed before ""import audiodev""",Category.C,wrong-import-order,"Using xml.sax to parse untrusted XML data is known to be vulnerable to XML attacks. Replace xml.sax with the equivalent defusedxml package, or make sure defusedxml.defuse_stdlib() is called.",HIGH,LOW
google-appengine-1.5.1/google/appengine/ext/preload/__init__.py,237,"standard import ""import xmlrpclib"" should be placed before ""import audiodev""",Category.C,wrong-import-order,Using xmlrpclib to parse untrusted XML data is known to be vulnerable to XML attacks. Use defused.xmlrpc.monkey_patch() function to monkey-patch xmlrpclib and mitigate XML vulnerabilities.,HIGH,HIGH
google-appengine-1.5.1/google/appengine/ext/preload/__init__.py,237,Unable to import 'xmlrpclib',Category.E,import-error,Using xmlrpclib to parse untrusted XML data is known to be vulnerable to XML attacks. Use defused.xmlrpc.monkey_patch() function to monkey-patch xmlrpclib and mitigate XML vulnerabilities.,HIGH,HIGH
google-appengine-1.5.1/google/appengine/ext/remote_api/remote_api_stub.py,70,"standard import ""import pickle"" should be placed before ""import google""",Category.C,wrong-import-order,Consider possible security implications associated with pickle module.,HIGH,LOW
google-appengine-1.5.1/google/appengine/ext/remote_api/remote_api_stub.py,198,"Bad indentation. Found 6 spaces, expected 12",Category.W,bad-indentation,"Pickle and modules that wrap it can be unsafe when used to deserialize untrusted data, possible security issue.",HIGH,MEDIUM
google-appengine-1.5.1/google/appengine/ext/remote_api/remote_api_stub.py,242,"Bad indentation. Found 4 spaces, expected 8",Category.W,bad-indentation,Use of assert detected. The enclosed code will be removed when compiling to optimised byte code.,HIGH,LOW
google-appengine-1.5.1/google/appengine/ext/remote_api/remote_api_stub.py,245,"Bad indentation. Found 4 spaces, expected 8",Category.W,bad-indentation,Use of assert detected. The enclosed code will be removed when compiling to optimised byte code.,HIGH,LOW
google-appengine-1.5.1/google/appengine/ext/remote_api/remote_api_stub.py,254,"Bad indentation. Found 4 spaces, expected 8",Category.W,bad-indentation,Use of assert detected. The enclosed code will be removed when compiling to optimised byte code.,HIGH,LOW
google-appengine-1.5.1/google/appengine/ext/remote_api/remote_api_stub.py,304,"Bad indentation. Found 6 spaces, expected 12",Category.W,bad-indentation,Use of assert detected. The enclosed code will be removed when compiling to optimised byte code.,HIGH,LOW
google-appengine-1.5.1/google/appengine/ext/remote_api/remote_api_stub.py,329,"Bad indentation. Found 10 spaces, expected 20",Category.W,bad-indentation,"Use of insecure MD2, MD4, MD5, or SHA1 hash function.",HIGH,MEDIUM
google-appengine-1.5.1/google/appengine/ext/remote_api/remote_api_stub.py,348,"Bad indentation. Found 12 spaces, expected 24",Category.W,bad-indentation,Use of assert detected. The enclosed code will be removed when compiling to optimised byte code.,HIGH,LOW
google-appengine-1.5.1/google/appengine/ext/remote_api/remote_api_stub.py,371,"Bad indentation. Found 8 spaces, expected 16",Category.W,bad-indentation,Use of assert detected. The enclosed code will be removed when compiling to optimised byte code.,HIGH,LOW
google-appengine-1.5.1/google/appengine/ext/remote_api/remote_api_stub.py,380,"Bad indentation. Found 6 spaces, expected 12",Category.W,bad-indentation,Use of assert detected. The enclosed code will be removed when compiling to optimised byte code.,HIGH,LOW
google-appengine-1.5.1/google/appengine/ext/remote_api/remote_api_stub.py,393,"Bad indentation. Found 6 spaces, expected 12",Category.W,bad-indentation,Use of assert detected. The enclosed code will be removed when compiling to optimised byte code.,HIGH,LOW
google-appengine-1.5.1/google/appengine/ext/remote_api/remote_api_stub.py,420,"Bad indentation. Found 4 spaces, expected 8",Category.W,bad-indentation,Use of assert detected. The enclosed code will be removed when compiling to optimised byte code.,HIGH,LOW
google-appengine-1.5.1/google/appengine/ext/remote_api/remote_api_stub.py,454,"Bad indentation. Found 6 spaces, expected 12",Category.W,bad-indentation,Use of assert detected. The enclosed code will be removed when compiling to optimised byte code.,HIGH,LOW
google-appengine-1.5.1/google/appengine/ext/remote_api/remote_api_stub.py,491,"Bad indentation. Found 4 spaces, expected 8",Category.W,bad-indentation,Standard pseudo-random generators are not suitable for security/cryptographic purposes.,HIGH,LOW
google-appengine-1.5.1/google/appengine/ext/remote_api/remote_api_stub.py,498,"Bad indentation. Found 2 spaces, expected 4",Category.W,bad-indentation,Use of unsafe yaml load. Allows instantiation of arbitrary objects. Consider yaml.safe_load().,HIGH,MEDIUM
google-appengine-1.5.1/google/appengine/ext/remote_api/remote_api_pb.py,83,"Bad indentation. Found 4 spaces, expected 8",Category.W,bad-indentation,Use of assert detected. The enclosed code will be removed when compiling to optimised byte code.,HIGH,LOW
google-appengine-1.5.1/google/appengine/ext/remote_api/remote_api_pb.py,245,"Bad indentation. Found 4 spaces, expected 8",Category.W,bad-indentation,Use of assert detected. The enclosed code will be removed when compiling to optimised byte code.,HIGH,LOW
google-appengine-1.5.1/google/appengine/ext/remote_api/remote_api_pb.py,420,"Bad indentation. Found 4 spaces, expected 8",Category.W,bad-indentation,Use of assert detected. The enclosed code will be removed when compiling to optimised byte code.,HIGH,LOW
google-appengine-1.5.1/google/appengine/ext/remote_api/remote_api_pb.py,590,"Bad indentation. Found 4 spaces, expected 8",Category.W,bad-indentation,Use of assert detected. The enclosed code will be removed when compiling to optimised byte code.,HIGH,LOW
google-appengine-1.5.1/google/appengine/ext/remote_api/remote_api_pb.py,741,"Bad indentation. Found 4 spaces, expected 8",Category.W,bad-indentation,Use of assert detected. The enclosed code will be removed when compiling to optimised byte code.,HIGH,LOW
